duty_pct,rpm,rpm_filtered,mA_mean,mA_min,mA_max,current_is_motor,samples
5.0,0.0,0.0,319.8,192,626,False,1125
7.0,0.0,0.0,360.2,254,754,False,1125
9.0,0.0,0.0,453.2,334,812,False,1125
11.0,6.269,6.254,199.1,38,717,False,1125
13.0,7.888,7.931,233.9,70,583,False,1125
15.0,9.903,9.884,312.4,132,552,True,1125
17.0,11.548,11.564,266.4,96,512,True,1125
19.0,13.225,13.234,262.2,113,482,True,1125
21.0,14.747,14.746,263.2,96,528,True,1125
23.0,16.163,16.171,270.4,103,565,True,1125
25.0,17.682,17.685,290.9,145,568,True,1125
27.0,19.182,19.177,302.9,156,608,True,1125
29.0,20.511,20.503,312.6,153,618,True,1125
31.0,22.069,22.076,327.8,192,656,True,1125
33.0,23.4,23.385,341.9,196,667,True,1125
35.0,25.075,25.054,343.2,192,636,True,1125
37.0,27.451,27.372,311.1,188,656,True,1125
39.0,29.263,29.266,298.2,182,497,True,1125
